기준_날짜,집계_기준,기준_시간대,시작_대여소_ID,시작_대여소명,종료_대여소_ID,종료_대여소명,전체_건수,전체_이용_분,전체_이용_거리
20231219,,0,ST-1045,,ST-1083,,1,59,710
20231219,,0,ST-1063,,ST-1063,,1,0,0
20231219,,0,ST-1092,,ST-502,,1,6,1135
20231219,,0,ST-1093,,ST-566,,1,3,680
20231219,,0,ST-1124,,ST-2967,,1,8,1710
20231219,,0,ST-1166,,ST-1361,,1,8,1021
20231219,,0,ST-118,,ST-2623,,1,12,1541
20231219,,0,ST-1185,,ST-2838,,1,21,3470
20231219,,0,ST-1251,,ST-2040,,1,5,1009
20231219,,0,ST-1305,,ST-1906,,1,2,434
20231219,,0,ST-1317,,ST-655,,1,1,0
20231219,,0,ST-1320,,ST-3199,,1,27,7040
20231219,,0,ST-1375,,ST-2294,,1,6,1020
20231219,,0,ST-1440,,ST-1198,,1,5,1670
20231219,,0,ST-1475,,ST-2067,,1,13,3000
20231219,,0,ST-1512,,ST-3094,,1,4,990
20231219,,0,ST-1512,,ST-530,,1,8,1239
20231219,,0,ST-1514,,ST-2023,,1,25,960
20231219,,0,ST-1523,,ST-2013,,1,3,253
20231219,,0,ST-1546,,ST-2873,,1,5,630
20231219,,0,ST-1590,,ST-1730,,1,5,1350
20231219,,0,ST-1631,,ST-3258,,1,5,840
20231219,,0,ST-1668,,ST-151,,1,8,1280
20231219,,0,ST-1677,,ST-287,,1,4,900
20231219,,0,ST-1699,,ST-417,,1,8,1020
20231219,,0,ST-1714,,ST-2029,,1,16,2605
20231219,,0,ST-1715,,ST-2611,,1,12,1420
20231219,,0,ST-1730,,ST-2797,,1,18,1110
20231219,,0,ST-1733,,ST-1733,,1,26,1820
20231219,,0,ST-175,,ST-265,,1,12,2160
20231219,,0,ST-1757,,ST-705,,1,25,3608
20231219,,0,ST-18,,ST-2157,,1,6,1056
20231219,,0,ST-1814,,ST-175,,1,2,0
20231219,,0,ST-1817,,ST-156,,1,2,364
20231219,,0,ST-1818,,ST-157,,1,41,2070
20231219,,0,ST-1818,,ST-2427,,2,11,1450
20231219,,0,ST-1848,,ST-1045,,1,6,590
20231219,,0,ST-186,,ST-2431,,1,13,1639
20231219,,0,ST-1866,,ST-550,,1,9,1192
20231219,,0,ST-1880,,ST-1654,,1,15,2548
20231219,,0,ST-1914,,ST-2669,,1,4,1012
20231219,,0,ST-1974,,ST-304,,1,3,457
20231219,,0,ST-1996,,ST-1996,,1,0,0
20231219,,0,ST-2005,,ST-2013,,1,10,1526
20231219,,0,ST-2039,,ST-1005,,1,21,3393
20231219,,0,ST-2041,,ST-2613,,1,10,1563
20231219,,0,ST-2078,,ST-736,,1,10,1348
20231219,,0,ST-2102,,ST-1387,,1,5,935
20231219,,0,ST-2267,,ST-1599,,1,40,7360
20231219,,0,ST-2268,,ST-2560,,1,10,1910
20231219,,0,ST-227,,ST-2205,,1,3,450
20231219,,0,ST-2290,,ST-854,,1,6,1200
20231219,,0,ST-2292,,ST-600,,1,7,1023
20231219,,0,ST-2318,,ST-371,,1,3,460
20231219,,0,ST-2342,,ST-985,,1,12,3017
20231219,,0,ST-2395,,ST-2761,,1,5,581
20231219,,0,ST-2431,,ST-1819,,1,14,2360
20231219,,0,ST-251,,ST-2508,,1,4,548
20231219,,0,ST-2538,,ST-2034,,1,5,814
20231219,,0,ST-259,,ST-102,,1,19,2023
20231219,,0,ST-271,,ST-2509,,1,21,4420
20231219,,0,ST-2713,,ST-1288,,1,3,683
20231219,,0,ST-272,,ST-175,,1,4,714
20231219,,0,ST-2726,,ST-2726,,1,0,0
20231219,,0,ST-2726,,ST-2967,,1,2,0
20231219,,0,ST-273,,ST-404,,1,15,2376
20231219,,0,ST-2739,,ST-1835,,1,9,2000
20231219,,0,ST-2749,,ST-1420,,1,12,1110
20231219,,0,ST-2760,,ST-2007,,1,3,537
20231219,,0,ST-2770,,ST-1500,,1,2,439
20231219,,0,ST-2771,,ST-2008,,1,21,1261
20231219,,0,ST-2793,,ST-2232,,1,5,895
20231219,,0,ST-2884,,ST-2412,,1,6,869
20231219,,0,ST-2921,,ST-2922,,1,4,560
20231219,,0,ST-293,,ST-288,,1,4,663
20231219,,0,ST-299,,ST-2800,,1,3,612
20231219,,0,ST-3063,,ST-1473,,1,46,2521
20231219,,0,ST-3094,,ST-2557,,1,6,650
20231219,,0,ST-3104,,ST-1995,,1,9,1101
20231219,,0,ST-311,,ST-2013,,1,14,2500
20231219,,0,ST-3116,,ST-2085,,1,12,1520
20231219,,0,ST-3142,,ST-416,,1,53,1968
20231219,,0,ST-3148,,ST-1045,,1,6,691
20231219,,0,ST-3214,,ST-2595,,1,7,959
20231219,,0,ST-3256,,ST-2718,,1,8,1287
20231219,,0,ST-351,,ST-347,,1,10,1650
20231219,,0,ST-368,,ST-446,,1,7,900
20231219,,0,ST-408,,ST-271,,1,3,630
20231219,,0,ST-413,,ST-3212,,1,1,260
20231219,,0,ST-420,,ST-1218,,1,10,2500
20231219,,0,ST-463,,ST-3272,,1,15,1374
20231219,,0,ST-494,,ST-1763,,1,8,1499
20231219,,0,ST-541,,ST-541,,1,11,1411
20231219,,0,ST-615,,ST-2099,,1,6,890
20231219,,0,ST-643,,ST-650,,1,4,548
20231219,,0,ST-650,,ST-1389,,1,8,1320
20231219,,0,ST-650,,ST-1726,,1,7,1147
20231219,,0,ST-654,,ST-651,,1,14,1220
20231219,,0,ST-676,,ST-2005,,1,10,2144
20231219,,0,ST-690,,ST-2817,,1,14,3291
20231219,,0,ST-728,,ST-690,,2,13,1900
20231219,,0,ST-776,,ST-2673,,1,7,1577
20231219,,0,ST-782,,ST-1574,,1,1,140
20231219,,0,ST-834,,ST-1067,,1,8,1390
20231219,,0,ST-835,,ST-2034,,1,3,630
20231219,,0,ST-85,,ST-21,,1,24,5520
20231219,,0,ST-876,,ST-875,,1,4,659
20231219,,0,ST-890,,ST-772,,1,4,1040
20231219,,0,ST-93,,ST-35,,1,7,2200
20231219,,0,ST-95,,ST-341,,1,11,2572
20231219,,0,ST-1063,,ST-1063,,1,0,0
20231219,,0,ST-1093,,ST-566,,1,3,680
20231219,,0,ST-1305,,ST-1906,,1,2,434
20231219,,0,ST-1317,,ST-655,,1,1,0
20231219,,0,ST-1512,,ST-3094,,1,4,990
20231219,,0,ST-1523,,ST-2013,,1,3,253
20231219,,0,ST-1677,,ST-287,,1,4,900
20231219,,0,ST-1814,,ST-175,,1,2,0
20231219,,0,ST-1817,,ST-156,,1,2,364
20231219,,0,ST-1818,,ST-2427,,1,4,680
20231219,,0,ST-1974,,ST-304,,1,3,457
20231219,,0,ST-1996,,ST-1996,,1,0,0
20231219,,0,ST-2318,,ST-371,,1,3,460
20231219,,0,ST-293,,ST-288,,1,4,663
20231219,,0,ST-408,,ST-271,,1,3,630
20231219,,0,ST-782,,ST-1574,,1,1,140
20231219,,5,ST-1015,,ST-310,,1,9,1819
20231219,,5,ST-1064,,ST-1352,,2,6,1217
20231219,,5,ST-1084,,ST-2605,,1,10,1503
20231219,,5,ST-1098,,ST-2293,,1,15,2077
20231219,,5,ST-1099,,ST-2630,,1,4,636
20231219,,5,ST-1118,,ST-3256,,1,4,523
20231219,,5,ST-1135,,ST-1461,,1,6,1090
20231219,,5,ST-1137,,ST-615,,1,6,788
20231219,,5,ST-1182,,ST-1893,,1,3,800
20231219,,5,ST-1191,,ST-2312,,1,22,2500
20231219,,5,ST-1218,,ST-664,,1,4,1054
20231219,,5,ST-130,,ST-1817,,1,13,2264
20231219,,5,ST-1334,,ST-2498,,1,4,860
20231219,,5,ST-1357,,ST-3199,,1,4,890
20231219,,5,ST-1381,,ST-942,,1,6,1230
20231219,,5,ST-1390,,ST-1388,,1,9,1725
20231219,,5,ST-145,,ST-1605,,1,30,1907
20231219,,5,ST-1469,,ST-1107,,1,8,1264
20231219,,5,ST-1542,,ST-670,,1,12,987
20231219,,5,ST-1556,,ST-1903,,1,4,878
20231219,,5,ST-1592,,ST-1592,,1,3,365
20231219,,5,ST-1623,,ST-1421,,1,13,2080
20231219,,5,ST-1631,,ST-270,,1,44,4000
20231219,,5,ST-1661,,ST-2546,,1,11,1623
20231219,,5,ST-1661,,ST-388,,1,23,3380
20231219,,5,ST-1681,,ST-1705,,1,11,1816
20231219,,5,ST-1681,,ST-2593,,1,14,2343
20231219,,5,ST-1689,,ST-2031,,1,5,878
20231219,,5,ST-175,,ST-175,,1,1,0
20231219,,5,ST-1758,,ST-2280,,1,8,840
20231219,,5,ST-1794,,ST-930,,1,5,890
20231219,,5,ST-1841,,ST-3248,,1,6,1078
20231219,,5,ST-1850,,ST-2739,,1,5,680
20231219,,5,ST-1867,,ST-1590,,1,4,660
20231219,,5,ST-1884,,ST-3207,,1,14,2041
20231219,,5,ST-1888,,ST-1185,,1,4,713
20231219,,5,ST-1938,,ST-3236,,1,3,806
20231219,,5,ST-1972,,ST-413,,1,5,351
20231219,,5,ST-1996,,ST-2012,,1,4,240
20231219,,5,ST-2016,,ST-2820,,1,8,1747
20231219,,5,ST-2027,,ST-535,,1,16,1834
20231219,,5,ST-2031,,ST-1709,,1,3,736
20231219,,5,ST-2033,,ST-1710,,1,9,1139
20231219,,5,ST-2034,,ST-1710,,1,2,390
20231219,,5,ST-2037,,ST-2035,,1,5,901
20231219,,5,ST-2046,,ST-2858,,1,7,1370
20231219,,5,ST-2056,,ST-835,,1,4,671
20231219,,5,ST-206,,ST-2978,,1,36,1180
20231219,,5,ST-2107,,ST-616,,1,5,1120
20231219,,5,ST-2168,,ST-2975,,1,12,1330
20231219,,5,ST-2201,,ST-2975,,1,4,696
20231219,,5,ST-2270,,ST-2560,,1,7,1317
20231219,,5,ST-2326,,ST-249,,1,3,710
20231219,,5,ST-2355,,ST-2362,,1,4,612
20231219,,5,ST-2403,,ST-2276,,1,24,4610
20231219,,5,ST-2409,,ST-1078,,1,12,1916
20231219,,5,ST-2422,,ST-145,,1,2,160
20231219,,5,ST-2427,,ST-171,,1,13,1700
20231219,,5,ST-2427,,ST-1817,,1,4,745
20231219,,5,ST-243,,ST-1300,,1,7,1041
20231219,,5,ST-2431,,ST-159,,1,6,1107
20231219,,5,ST-2446,,ST-442,,1,4,1152
20231219,,5,ST-2466,,ST-2327,,1,10,1330
20231219,,5,ST-2483,,ST-2487,,1,10,1568
20231219,,5,ST-2504,,ST-2222,,1,9,2120
20231219,,5,ST-2517,,ST-180,,1,19,2800
20231219,,5,ST-2558,,ST-536,,1,45,3176
20231219,,5,ST-2560,,ST-2499,,1,10,2360
20231219,,5,ST-258,,ST-2865,,1,21,4120
20231219,,5,ST-2600,,ST-2585,,1,8,1245
20231219,,5,ST-2610,,ST-3152,,1,6,940
20231219,,5,ST-2636,,ST-2952,,1,9,1168
20231219,,5,ST-2642,,ST-1142,,1,5,1121
20231219,,5,ST-2726,,ST-1470,,1,7,899
20231219,,5,ST-273,,ST-273,,1,34,2420
20231219,,5,ST-2732,,ST-1045,,1,14,1659
20231219,,5,ST-2749,,ST-2740,,1,9,1855
20231219,,5,ST-2789,,ST-2419,,1,9,1816
20231219,,5,ST-2842,,ST-2380,,1,9,873
20231219,,5,ST-2897,,ST-2897,,1,35,1992
20231219,,5,ST-2913,,ST-2895,,1,9,1380
20231219,,5,ST-2945,,ST-1710,,1,5,666
20231219,,5,ST-2945,,ST-538,,1,25,3158
20231219,,5,ST-2966,,ST-2854,,1,9,900
20231219,,5,ST-2979,,ST-2533,,1,8,1090
20231219,,5,ST-3043,,ST-2501,,1,21,3450
20231219,,5,ST-3044,,ST-1661,,1,12,1350
20231219,,5,ST-3051,,ST-1822,,1,7,1298
20231219,,5,ST-3060,,ST-2081,,2,17,1963
20231219,,5,ST-3060,,ST-2633,,1,17,80
20231219,,5,ST-3093,,ST-2112,,1,35,3810
20231219,,5,ST-310,,ST-1017,,1,20,3083
20231219,,5,ST-3113,,ST-2168,,1,15,2669
20231219,,5,ST-3119,,ST-2730,,1,5,910
20231219,,5,ST-3163,,ST-2007,,1,5,346
20231219,,5,ST-3188,,ST-259,,1,15,1755
20231219,,5,ST-3238,,ST-295,,1,13,1834
20231219,,5,ST-3256,,ST-2067,,1,4,492
20231219,,5,ST-352,,ST-1692,,1,9,1834
20231219,,5,ST-446,,ST-1191,,1,7,555
20231219,,5,ST-53,,ST-3171,,1,11,1760
20231219,,5,ST-535,,ST-536,,1,54,3567
20231219,,5,ST-611,,ST-611,,1,0,0
20231219,,5,ST-69,,ST-2814,,1,4,688
20231219,,5,ST-700,,ST-3102,,1,11,2431
20231219,,5,ST-714,,ST-3040,,1,36,5980
20231219,,5,ST-750,,ST-780,,1,6,1170
20231219,,5,ST-754,,ST-924,,1,3,620
20231219,,5,ST-824,,ST-828,,1,6,906
20231219,,5,ST-869,,ST-3278,,1,5,795
20231219,,5,ST-903,,ST-1578,,1,6,1180
20231219,,5,ST-904,,ST-1855,,1,3,590
20231219,,5,ST-912,,ST-573,,1,19,1912
20231219,,5,ST-914,,ST-2835,,1,3,650
20231219,,5,ST-1064,,ST-1352,,1,2,567
20231219,,5,ST-1092,,ST-502,,1,6,1135
20231219,,5,ST-1251,,ST-2040,,1,5,1009
20231219,,5,ST-1375,,ST-2294,,1,6,1020
20231219,,5,ST-1440,,ST-1198,,1,5,1670
20231219,,5,ST-1546,,ST-2873,,1,5,630
20231219,,5,ST-1631,,ST-3258,,1,5,840
20231219,,5,ST-18,,ST-2157,,1,6,1056
20231219,,5,ST-1818,,ST-2427,,1,7,770
20231219,,5,ST-1914,,ST-2669,,1,4,1012
20231219,,5,ST-2056,,ST-835,,1,4,671
20231219,,5,ST-2102,,ST-1387,,1,5,935
20231219,,5,ST-227,,ST-2205,,1,3,450
20231219,,5,ST-2326,,ST-249,,1,3,710
20231219,,5,ST-2395,,ST-2761,,1,5,581
20231219,,5,ST-2422,,ST-145,,1,2,160
20231219,,5,ST-251,,ST-2508,,1,4,548
20231219,,5,ST-2538,,ST-2034,,1,5,814
20231219,,5,ST-2713,,ST-1288,,1,3,683
20231219,,5,ST-272,,ST-175,,1,4,714
20231219,,5,ST-2726,,ST-2726,,1,0,0
20231219,,5,ST-2726,,ST-2967,,1,2,0
20231219,,5,ST-2760,,ST-2007,,1,3,537
20231219,,5,ST-2770,,ST-1500,,1,2,439
20231219,,5,ST-2793,,ST-2232,,1,5,895
20231219,,5,ST-2884,,ST-2412,,1,6,869
20231219,,5,ST-2921,,ST-2922,,1,4,560
20231219,,5,ST-299,,ST-2800,,1,3,612
20231219,,5,ST-3094,,ST-2557,,1,6,650
20231219,,5,ST-413,,ST-3212,,1,1,260
20231219,,5,ST-643,,ST-650,,1,4,548
20231219,,5,ST-650,,ST-1726,,1,7,1147
20231219,,5,ST-728,,ST-690,,1,6,930
20231219,,5,ST-834,,ST-1067,,1,8,1390
20231219,,5,ST-835,,ST-2034,,1,3,630
20231219,,5,ST-876,,ST-875,,1,4,659
20231219,,5,ST-890,,ST-772,,1,4,1040
20231219,,5,ST-93,,ST-35,,1,7,2200
20231219,,10,ST-1065,,ST-1065,,1,2,0
20231219,,10,ST-1065,,ST-1249,,1,24,2390
20231219,,10,ST-1109,,ST-654,,1,7,1260
20231219,,10,ST-112,,ST-2330,,1,8,1462
20231219,,10,ST-112,,ST-3002,,1,10,1160
20231219,,10,ST-1163,,ST-1916,,1,7,790
20231219,,10,ST-1202,,ST-112,,1,45,8271
20231219,,10,ST-1251,,ST-2491,,1,6,930
20231219,,10,ST-1263,,ST-445,,1,7,1200
20231219,,10,ST-1323,,ST-2464,,1,22,1941
20231219,,10,ST-1332,,ST-599,,1,4,544
20231219,,10,ST-1376,,ST-1721,,1,5,750
20231219,,10,ST-1418,,ST-1870,,1,18,4070
20231219,,10,ST-1510,,ST-2020,,1,1,210
20231219,,10,ST-1517,,ST-2034,,1,1,0
20231219,,10,ST-1523,,ST-2762,,1,13,1790
20231219,,10,ST-1560,,ST-803,,1,5,1440
20231219,,10,ST-157,,ST-1202,,1,11,2524
20231219,,10,ST-1609,,ST-1813,,1,3,480
20231219,,10,ST-161,,ST-143,,1,8,1300
20231219,,10,ST-1661,,ST-2310,,1,4,720
20231219,,10,ST-1681,,ST-2571,,1,4,495
20231219,,10,ST-1689,,ST-1718,,1,2,598
20231219,,10,ST-1714,,ST-2037,,1,3,590
20231219,,10,ST-1720,,ST-894,,1,10,1920
20231219,,10,ST-1730,,ST-1729,,1,17,1700
20231219,,10,ST-176,,ST-1780,,1,14,1624
20231219,,10,ST-1766,,ST-494,,1,14,2580
20231219,,10,ST-1787,,ST-1440,,1,4,690
20231219,,10,ST-1841,,ST-1061,,1,11,1915
20231219,,10,ST-1859,,ST-1866,,1,6,1106
20231219,,10,ST-1862,,ST-1867,,1,3,667
20231219,,10,ST-1885,,ST-953,,1,4,708
20231219,,10,ST-1905,,ST-1305,,1,10,1473
20231219,,10,ST-1938,,ST-2641,,1,16,2446
20231219,,10,ST-1997,,ST-309,,1,6,726
20231219,,10,ST-20,,ST-4,,1,10,1400
20231219,,10,ST-2016,,ST-3059,,1,2,420
20231219,,10,ST-2047,,ST-2049,,1,7,773
20231219,,10,ST-2081,,ST-3060,,1,2,820
20231219,,10,ST-2133,,ST-1104,,1,4,1030
20231219,,10,ST-2257,,ST-222,,1,10,2100
20231219,,10,ST-2268,,ST-394,,1,4,825
20231219,,10,ST-2285,,ST-3168,,1,3,460
20231219,,10,ST-2288,,ST-2953,,1,5,1131
20231219,,10,ST-2291,,ST-2703,,1,24,3183
20231219,,10,ST-2299,,ST-3023,,1,17,2386
20231219,,10,ST-2314,,ST-1660,,1,8,1120
20231219,,10,ST-2320,,ST-2310,,1,7,1010
20231219,,10,ST-2342,,ST-390,,1,20,1830
20231219,,10,ST-2374,,ST-2379,,1,2,0
20231219,,10,ST-2395,,ST-2395,,1,103,3272
20231219,,10,ST-2470,,ST-478,,1,12,1462
20231219,,10,ST-2520,,ST-2520,,1,0,0
20231219,,10,ST-254,,ST-2707,,1,88,18070
20231219,,10,ST-2557,,ST-1519,,1,2,270
20231219,,10,ST-259,,ST-1722,,1,4,506
20231219,,10,ST-2594,,ST-1878,,1,9,1367
20231219,,10,ST-2630,,ST-2843,,1,21,4425
20231219,,10,ST-269,,ST-1631,,1,5,1193
20231219,,10,ST-2704,,ST-2705,,1,4,699
20231219,,10,ST-2718,,ST-2079,,1,22,3850
20231219,,10,ST-2732,,ST-492,,1,7,1000
20231219,,10,ST-2740,,ST-493,,1,12,1108
20231219,,10,ST-276,,ST-394,,1,13,2060
20231219,,10,ST-2765,,ST-1005,,1,4,504
20231219,,10,ST-2812,,ST-2820,,1,6,898
20231219,,10,ST-2815,,ST-306,,1,5,210
20231219,,10,ST-2846,,ST-1097,,1,7,1193
20231219,,10,ST-2846,,ST-2270,,1,16,2770
20231219,,10,ST-292,,ST-1965,,1,41,4269
20231219,,10,ST-2947,,ST-1645,,1,10,1410
20231219,,10,ST-2988,,ST-897,,1,19,2711
20231219,,10,ST-2993,,ST-1510,,1,13,2654
20231219,,10,ST-3037,,ST-2829,,1,4,600
20231219,,10,ST-3043,,ST-368,,1,7,920
20231219,,10,ST-3048,,ST-2771,,1,8,1440
20231219,,10,ST-3087,,ST-1421,,1,12,2258
20231219,,10,ST-3104,,ST-309,,1,6,680
20231219,,10,ST-311,,ST-1008,,1,18,2530
20231219,,10,ST-3121,,ST-3002,,1,5,770
20231219,,10,ST-3167,,ST-971,,1,3,610
20231219,,10,ST-3179,,ST-823,,1,5,823
20231219,,10,ST-3182,,ST-1018,,1,28,3833
20231219,,10,ST-3186,,ST-1194,,1,11,1030
20231219,,10,ST-3278,,ST-1642,,1,10,1610
20231219,,10,ST-369,,ST-134,,1,50,3620
20231219,,10,ST-398,,ST-2420,,1,9,1441
20231219,,10,ST-483,,ST-2546,,1,5,1005
20231219,,10,ST-483,,ST-483,,1,0,60
20231219,,10,ST-495,,ST-2740,,1,9,987
20231219,,10,ST-517,,ST-2018,,1,5,1050
20231219,,10,ST-522,,ST-2059,,1,7,1115
20231219,,10,ST-531,,ST-532,,1,3,390
20231219,,10,ST-555,,ST-2533,,1,10,710
20231219,,10,ST-555,,ST-555,,2,1,0
20231219,,10,ST-558,,ST-2635,,1,8,1000
20231219,,10,ST-589,,ST-2846,,1,17,1608
20231219,,10,ST-611,,ST-2967,,1,7,1270
20231219,,10,ST-62,,ST-68,,1,7,1280
20231219,,10,ST-630,,ST-1536,,1,3,177
20231219,,10,ST-663,,ST-1218,,1,4,532
20231219,,10,ST-690,,ST-687,,1,29,1490
20231219,,10,ST-834,,ST-2992,,1,10,1550
20231219,,10,ST-842,,ST-2427,,1,8,1070
20231219,,10,ST-883,,ST-2614,,1,9,1600
20231219,,10,ST-891,,ST-799,,1,20,3770
20231219,,10,ST-891,,ST-891,,1,0,0
20231219,,10,ST-904,,ST-1793,,1,23,2555
20231219,,10,ST-938,,ST-1828,,1,7,1060
20231219,,10,ST-95,,ST-2974,,1,5,900
20231219,,10,ST-951,,ST-1702,,1,20,2740
20231219,,10,ST-957,,ST-1897,,1,10,1904
20231219,,10,ST-971,,ST-3060,,1,8,930
20231219,,10,ST-997,,ST-431,,1,4,740
20231219,,10,ST-1064,,ST-1352,,1,4,650
20231219,,10,ST-1099,,ST-2630,,1,4,636
20231219,,10,ST-1118,,ST-3256,,1,4,523
20231219,,10,ST-1124,,ST-2967,,1,8,1710
20231219,,10,ST-1135,,ST-1461,,1,6,1090
20231219,,10,ST-1166,,ST-1361,,1,8,1021
20231219,,10,ST-1182,,ST-1893,,1,3,800
20231219,,10,ST-1218,,ST-664,,1,4,1054
20231219,,10,ST-1332,,ST-599,,1,4,544
20231219,,10,ST-1334,,ST-2498,,1,4,860
20231219,,10,ST-1357,,ST-3199,,1,4,890
20231219,,10,ST-1381,,ST-942,,1,6,1230
20231219,,10,ST-1390,,ST-1388,,1,9,1725
20231219,,10,ST-1475,,ST-2067,,1,13,3000
20231219,,10,ST-1512,,ST-530,,1,8,1239
20231219,,10,ST-1517,,ST-2034,,1,1,0
20231219,,10,ST-1556,,ST-1903,,1,4,878
20231219,,10,ST-1590,,ST-1730,,1,5,1350
20231219,,10,ST-1592,,ST-1592,,1,3,365
20231219,,10,ST-1609,,ST-1813,,1,3,480
20231219,,10,ST-1668,,ST-151,,1,8,1280
20231219,,10,ST-1689,,ST-2031,,1,5,878
20231219,,10,ST-1699,,ST-417,,1,8,1020
20231219,,10,ST-175,,ST-175,,1,1,0
20231219,,10,ST-1794,,ST-930,,1,5,890
20231219,,10,ST-1848,,ST-1045,,1,6,590
20231219,,10,ST-1850,,ST-2739,,1,5,680
20231219,,10,ST-1866,,ST-550,,1,9,1192
20231219,,10,ST-1867,,ST-1590,,1,4,660
20231219,,10,ST-1888,,ST-1185,,1,4,713
20231219,,10,ST-1938,,ST-3236,,1,3,806
20231219,,10,ST-1972,,ST-413,,1,5,351
20231219,,10,ST-1996,,ST-2012,,1,4,240
20231219,,10,ST-2005,,ST-2013,,1,10,1526
20231219,,10,ST-2031,,ST-1709,,1,3,736
20231219,,10,ST-2034,,ST-1710,,1,2,390
20231219,,10,ST-2037,,ST-2035,,1,5,901
20231219,,10,ST-2041,,ST-2613,,1,10,1563
20231219,,10,ST-2078,,ST-736,,1,10,1348
20231219,,10,ST-2081,,ST-3060,,1,2,820
20231219,,10,ST-2107,,ST-616,,1,5,1120
20231219,,10,ST-2201,,ST-2975,,1,4,696
20231219,,10,ST-2290,,ST-854,,1,6,1200
20231219,,10,ST-2292,,ST-600,,1,7,1023
20231219,,10,ST-2355,,ST-2362,,1,4,612
20231219,,10,ST-2374,,ST-2379,,1,2,0
20231219,,10,ST-2427,,ST-1817,,1,4,745
20231219,,10,ST-2431,,ST-159,,1,6,1107
20231219,,10,ST-2446,,ST-442,,1,4,1152
20231219,,10,ST-2520,,ST-2520,,1,0,0
20231219,,10,ST-2610,,ST-3152,,1,6,940
20231219,,10,ST-2642,,ST-1142,,1,5,1121
20231219,,10,ST-2726,,ST-1470,,1,7,899
20231219,,10,ST-2739,,ST-1835,,1,9,2000
20231219,,10,ST-2945,,ST-1710,,1,5,666
20231219,,10,ST-2966,,ST-2854,,1,9,900
20231219,,10,ST-3104,,ST-1995,,1,9,1101
20231219,,10,ST-311,,ST-2013,,1,14,2500
20231219,,10,ST-3119,,ST-2730,,1,5,910
20231219,,10,ST-3148,,ST-1045,,1,6,691
20231219,,10,ST-3163,,ST-2007,,1,5,346
20231219,,10,ST-3214,,ST-2595,,1,7,959
20231219,,10,ST-3256,,ST-2067,,1,4,492
20231219,,10,ST-3256,,ST-2718,,1,8,1287
20231219,,10,ST-351,,ST-347,,1,10,1650
20231219,,10,ST-368,,ST-446,,1,7,900
20231219,,10,ST-420,,ST-1218,,1,10,2500
20231219,,10,ST-446,,ST-1191,,1,7,555
20231219,,10,ST-494,,ST-1763,,1,8,1499
20231219,,10,ST-555,,ST-555,,2,1,0
20231219,,10,ST-611,,ST-611,,1,0,0
20231219,,10,ST-615,,ST-2099,,1,6,890
20231219,,10,ST-650,,ST-1389,,1,8,1320
20231219,,10,ST-654,,ST-651,,1,14,1220
20231219,,10,ST-663,,ST-1218,,1,4,532
20231219,,10,ST-676,,ST-2005,,1,10,2144
20231219,,10,ST-69,,ST-2814,,1,4,688
20231219,,10,ST-728,,ST-690,,1,7,970
20231219,,10,ST-750,,ST-780,,1,6,1170
20231219,,10,ST-754,,ST-924,,1,3,620
20231219,,10,ST-776,,ST-2673,,1,7,1577
20231219,,10,ST-824,,ST-828,,1,6,906
20231219,,10,ST-869,,ST-3278,,1,5,795
20231219,,10,ST-891,,ST-891,,1,0,0
20231219,,10,ST-903,,ST-1578,,1,6,1180
20231219,,10,ST-904,,ST-1855,,1,3,590
20231219,,10,ST-914,,ST-2835,,1,3,650
20231219,,10,ST-95,,ST-341,,1,11,2572
20231219,,15,ST-1017,,ST-997,,1,6,830
20231219,,15,ST-1065,,ST-1249,,1,22,2510
20231219,,15,ST-1095,,ST-1335,,1,9,1634
20231219,,15,ST-1137,,ST-2097,,1,4,850
20231219,,15,ST-119,,ST-1771,,1,8,1419
20231219,,15,ST-1237,,ST-1274,,1,5,850
20231219,,15,ST-1270,,ST-687,,1,14,2580
20231219,,15,ST-134,,ST-145,,1,3,385
20231219,,15,ST-1342,,ST-326,,1,6,646
20231219,,15,ST-1375,,ST-2860,,1,5,730
20231219,,15,ST-1407,,ST-1084,,1,25,3257
20231219,,15,ST-1441,,ST-1344,,1,7,720
20231219,,15,ST-1447,,ST-252,,1,14,2910
20231219,,15,ST-1451,,ST-558,,1,18,3250
20231219,,15,ST-1473,,ST-1121,,1,12,1840
20231219,,15,ST-1473,,ST-2063,,1,13,2370
20231219,,15,ST-1519,,ST-2613,,1,4,630
20231219,,15,ST-1523,,ST-2014,,1,5,942
20231219,,15,ST-1560,,ST-1566,,1,16,2337
20231219,,15,ST-1560,,ST-1879,,1,7,1424
20231219,,15,ST-1632,,ST-165,,1,49,7780
20231219,,15,ST-1657,,ST-1860,,1,3,1300
20231219,,15,ST-1665,,ST-3184,,1,12,1730
20231219,,15,ST-1680,,ST-1680,,1,35,2740
20231219,,15,ST-1689,,ST-2965,,1,5,814
20231219,,15,ST-1862,,ST-839,,1,20,3132
20231219,,15,ST-187,,ST-187,,1,29,4404
20231219,,15,ST-19,,ST-29,,1,10,1269
20231219,,15,ST-1968,,ST-422,,2,13,2378
20231219,,15,ST-1975,,ST-1975,,1,0,0
20231219,,15,ST-1975,,ST-2809,,1,5,1100
20231219,,15,ST-1982,,ST-2823,,1,5,963
20231219,,15,ST-1996,,ST-428,,1,7,941
20231219,,15,ST-2012,,ST-2768,,1,18,2650
20231219,,15,ST-2016,,ST-2761,,1,8,1240
20231219,,15,ST-2027,,ST-1011,,1,2,490
20231219,,15,ST-2075,,ST-1333,,1,10,1768
20231219,,15,ST-2110,,ST-615,,1,3,492
20231219,,15,ST-2112,,ST-2730,,1,6,648
20231219,,15,ST-2167,,ST-2905,,1,14,2273
20231219,,15,ST-2208,,ST-2168,,1,11,1836
20231219,,15,ST-2270,,ST-1334,,1,6,980
20231219,,15,ST-240,,ST-246,,1,1,380
20231219,,15,ST-2408,,ST-2321,,1,4,1360
20231219,,15,ST-2422,,ST-1605,,1,8,1417
20231219,,15,ST-2520,,ST-165,,1,13,2014
20231219,,15,ST-2531,,ST-1491,,1,49,5610
20231219,,15,ST-2547,,ST-2891,,1,6,658
20231219,,15,ST-2708,,ST-579,,1,15,3573
20231219,,15,ST-2711,,ST-3211,,1,11,2060
20231219,,15,ST-2715,,ST-2074,,1,13,2610
20231219,,15,ST-2726,,ST-1133,,1,2,199
20231219,,15,ST-2812,,ST-1539,,1,9,1073
20231219,,15,ST-2817,,ST-3195,,1,29,5188
20231219,,15,ST-2873,,ST-709,,1,3,600
20231219,,15,ST-2876,,ST-550,,1,8,1500
20231219,,15,ST-2889,,ST-2831,,1,6,518
20231219,,15,ST-2896,,ST-1123,,1,4,660
20231219,,15,ST-2905,,ST-2167,,1,12,2200
20231219,,15,ST-3066,,ST-1923,,1,5,742
20231219,,15,ST-3070,,ST-2751,,1,15,3236
20231219,,15,ST-308,,ST-1006,,1,9,1470
20231219,,15,ST-3094,,ST-1511,,1,2,530
20231219,,15,ST-3094,,ST-2020,,1,0,142
20231219,,15,ST-311,,ST-2852,,1,9,1560
20231219,,15,ST-3122,,ST-2237,,1,18,1940
20231219,,15,ST-3145,,ST-522,,1,4,679
20231219,,15,ST-315,,ST-3089,,1,4,1030
20231219,,15,ST-315,,ST-315,,1,0,0
20231219,,15,ST-3171,,ST-699,,1,10,1738
20231219,,15,ST-3171,,ST-700,,1,14,2617
20231219,,15,ST-3171,,ST-726,,1,14,1780
20231219,,15,ST-3248,,ST-2744,,1,28,5720
20231219,,15,ST-3258,,ST-1632,,1,3,510
20231219,,15,ST-36,,ST-24,,1,7,1402
20231219,,15,ST-387,,ST-3012,,1,4,1060
20231219,,15,ST-394,,ST-1447,,1,13,2205
20231219,,15,ST-395,,ST-262,,1,5,809
20231219,,15,ST-400,,ST-1631,,1,5,1040
20231219,,15,ST-41,,ST-1756,,1,28,4910
20231219,,15,ST-447,,ST-2420,,1,3,715
20231219,,15,ST-447,,ST-270,,1,7,1172
20231219,,15,ST-450,,ST-453,,1,8,740
20231219,,15,ST-483,,ST-2546,,1,7,1102
20231219,,15,ST-496,,ST-502,,1,12,1547
20231219,,15,ST-499,,ST-1053,,1,9,842
20231219,,15,ST-501,,ST-2738,,1,6,1030
20231219,,15,ST-513,,ST-3129,,1,8,1300
20231219,,15,ST-532,,ST-535,,1,11,2498
20231219,,15,ST-535,,ST-1017,,1,18,2860
20231219,,15,ST-562,,ST-1386,,1,4,1113
20231219,,15,ST-596,,ST-847,,1,14,2220
20231219,,15,ST-673,,ST-1275,,1,5,766
20231219,,15,ST-693,,ST-3249,,1,16,3290
20231219,,15,ST-709,,ST-2873,,1,2,570
20231219,,15,ST-717,,ST-1268,,1,17,2409
20231219,,15,ST-744,,ST-1552,,1,4,691
20231219,,15,ST-8,,ST-2874,,1,9,1180
20231219,,15,ST-8,,ST-8,,1,3,136
20231219,,15,ST-853,,ST-596,,1,5,693
20231219,,15,ST-886,,ST-3143,,1,3,723
20231219,,15,ST-895,,ST-1089,,1,5,1180
20231219,,15,ST-975,,ST-2411,,1,3,590
20231219,,15,ST-1015,,ST-310,,1,9,1819
20231219,,15,ST-1065,,ST-1065,,1,2,0
20231219,,15,ST-1084,,ST-2605,,1,10,1503
20231219,,15,ST-1137,,ST-615,,1,6,788
20231219,,15,ST-1163,,ST-1916,,1,7,790
20231219,,15,ST-118,,ST-2623,,1,12,1541
20231219,,15,ST-130,,ST-1817,,1,13,2264
20231219,,15,ST-1376,,ST-1721,,1,5,750
20231219,,15,ST-1469,,ST-1107,,1,8,1264
20231219,,15,ST-1510,,ST-2020,,1,1,210
20231219,,15,ST-1542,,ST-670,,1,12,987
20231219,,15,ST-1560,,ST-803,,1,5,1440
20231219,,15,ST-1657,,ST-1860,,1,3,1300
20231219,,15,ST-1661,,ST-2310,,1,4,720
20231219,,15,ST-1661,,ST-2546,,1,11,1623
20231219,,15,ST-1681,,ST-1705,,1,11,1816
20231219,,15,ST-1681,,ST-2571,,1,4,495
20231219,,15,ST-1681,,ST-2593,,1,14,2343
20231219,,15,ST-1689,,ST-1718,,1,2,598
20231219,,15,ST-1714,,ST-2037,,1,3,590
20231219,,15,ST-1715,,ST-2611,,1,12,1420
20231219,,15,ST-175,,ST-265,,1,12,2160
20231219,,15,ST-1758,,ST-2280,,1,8,840
20231219,,15,ST-1787,,ST-1440,,1,4,690
20231219,,15,ST-1841,,ST-3248,,1,6,1078
20231219,,15,ST-186,,ST-2431,,1,13,1639
20231219,,15,ST-1862,,ST-1867,,1,3,667
20231219,,15,ST-1880,,ST-1654,,1,15,2548
20231219,,15,ST-1884,,ST-3207,,1,14,2041
20231219,,15,ST-1885,,ST-953,,1,4,708
20231219,,15,ST-1975,,ST-1975,,1,0,0
20231219,,15,ST-1997,,ST-309,,1,6,726
20231219,,15,ST-2016,,ST-2820,,1,8,1747
20231219,,15,ST-2016,,ST-3059,,1,2,420
20231219,,15,ST-2033,,ST-1710,,1,9,1139
20231219,,15,ST-2046,,ST-2858,,1,7,1370
20231219,,15,ST-2047,,ST-2049,,1,7,773
20231219,,15,ST-2110,,ST-615,,1,3,492
20231219,,15,ST-2133,,ST-1104,,1,4,1030
20231219,,15,ST-2268,,ST-2560,,1,10,1910
20231219,,15,ST-2268,,ST-394,,1,4,825
20231219,,15,ST-2270,,ST-2560,,1,7,1317
20231219,,15,ST-2285,,ST-3168,,1,3,460
20231219,,15,ST-2288,,ST-2953,,1,5,1131
20231219,,15,ST-2314,,ST-1660,,1,8,1120
20231219,,15,ST-2342,,ST-985,,1,12,3017
20231219,,15,ST-243,,ST-1300,,1,7,1041
20231219,,15,ST-2431,,ST-1819,,1,14,2360
20231219,,15,ST-2466,,ST-2327,,1,10,1330
20231219,,15,ST-2483,,ST-2487,,1,10,1568
20231219,,15,ST-2504,,ST-2222,,1,9,2120
20231219,,15,ST-2557,,ST-1519,,1,2,270
20231219,,15,ST-259,,ST-102,,1,19,2023
20231219,,15,ST-259,,ST-1722,,1,4,506
20231219,,15,ST-2594,,ST-1878,,1,9,1367
20231219,,15,ST-2600,,ST-2585,,1,8,1245
20231219,,15,ST-2636,,ST-2952,,1,9,1168
20231219,,15,ST-269,,ST-1631,,1,5,1193
20231219,,15,ST-2704,,ST-2705,,1,4,699
20231219,,15,ST-273,,ST-404,,1,15,2376
20231219,,15,ST-2732,,ST-492,,1,7,1000
20231219,,15,ST-2749,,ST-1420,,1,12,1110
20231219,,15,ST-2749,,ST-2740,,1,9,1855
20231219,,15,ST-2765,,ST-1005,,1,4,504
20231219,,15,ST-2789,,ST-2419,,1,9,1816
20231219,,15,ST-2812,,ST-2820,,1,6,898
20231219,,15,ST-2815,,ST-306,,1,5,210
20231219,,15,ST-2842,,ST-2380,,1,9,873
20231219,,15,ST-2846,,ST-1097,,1,7,1193
20231219,,15,ST-2913,,ST-2895,,1,9,1380
20231219,,15,ST-2979,,ST-2533,,1,8,1090
20231219,,15,ST-3037,,ST-2829,,1,4,600
20231219,,15,ST-3051,,ST-1822,,1,7,1298
20231219,,15,ST-3060,,ST-2081,,1,5,826
20231219,,15,ST-3116,,ST-2085,,1,12,1520
20231219,,15,ST-3121,,ST-3002,,1,5,770
20231219,,15,ST-315,,ST-315,,1,0,0
20231219,,15,ST-3167,,ST-971,,1,3,610
20231219,,15,ST-3238,,ST-295,,1,13,1834
20231219,,15,ST-352,,ST-1692,,1,9,1834
20231219,,15,ST-447,,ST-2420,,1,3,715
20231219,,15,ST-463,,ST-3272,,1,15,1374
20231219,,15,ST-483,,ST-2546,,1,5,1005
20231219,,15,ST-483,,ST-483,,1,0,60
20231219,,15,ST-522,,ST-2059,,1,7,1115
20231219,,15,ST-53,,ST-3171,,1,11,1760
20231219,,15,ST-531,,ST-532,,1,3,390
20231219,,15,ST-541,,ST-541,,1,11,1411
20231219,,15,ST-611,,ST-2967,,1,7,1270
20231219,,15,ST-630,,ST-1536,,1,3,177
20231219,,15,ST-690,,ST-2817,,1,14,3291
20231219,,15,ST-709,,ST-2873,,1,2,570
20231219,,15,ST-8,,ST-8,,1,3,136
20231219,,15,ST-95,,ST-2974,,1,5,900
20231219,,15,ST-997,,ST-431,,1,4,740
20231219,,20,ST-1000,,ST-1960,,1,17,2271
20231219,,20,ST-1002,,ST-2039,,1,3,440
20231219,,20,ST-1065,,ST-2056,,1,8,1170
20231219,,20,ST-113,,ST-258,,1,5,1365
20231219,,20,ST-1133,,ST-2079,,1,10,1730
20231219,,20,ST-1161,,ST-1908,,1,11,1705
20231219,,20,ST-1195,,ST-2420,,1,14,2480
20231219,,20,ST-1245,,ST-1883,,1,6,848
20231219,,20,ST-1410,,ST-2757,,1,22,3765
20231219,,20,ST-1470,,ST-2716,,1,5,780
20231219,,20,ST-1501,,ST-318,,1,17,1822
20231219,,20,ST-1546,,ST-2996,,1,6,913
20231219,,20,ST-1589,,ST-3214,,1,22,3414
20231219,,20,ST-1622,,ST-3087,,1,6,850
20231219,,20,ST-1714,,ST-2056,,1,6,1079
20231219,,20,ST-172,,ST-1817,,1,5,795
20231219,,20,ST-1720,,ST-1420,,1,6,1230
20231219,,20,ST-1730,,ST-3153,,1,12,1640
20231219,,20,ST-1742,,ST-758,,1,9,1878
20231219,,20,ST-178,,ST-1609,,1,5,925
20231219,,20,ST-1787,,ST-1197,,1,8,1237
20231219,,20,ST-1817,,ST-156,,1,2,284
20231219,,20,ST-1837,,ST-1061,,1,3,590
20231219,,20,ST-1845,,ST-1620,,1,9,1759
20231219,,20,ST-1854,,ST-1853,,1,10,1569
20231219,,20,ST-1884,,ST-2689,,1,60,7010
20231219,,20,ST-1905,,ST-1404,,1,9,1550
20231219,,20,ST-1909,,ST-748,,1,5,1010
20231219,,20,ST-1963,,ST-1219,,1,7,981
20231219,,20,ST-1995,,ST-920,,1,20,4670
20231219,,20,ST-2017,,ST-2395,,1,6,1210
20231219,,20,ST-2031,,ST-2477,,1,5,901
20231219,,20,ST-2040,,ST-2041,,1,4,1550
20231219,,20,ST-2045,,ST-3251,,1,4,773
20231219,,20,ST-2257,,ST-2777,,1,6,816
20231219,,20,ST-2264,,ST-479,,1,2,0
20231219,,20,ST-237,,X,,1,6,1206
20231219,,20,ST-2425,,ST-2264,,1,3,796
20231219,,20,ST-2425,,ST-460,,1,7,1550
20231219,,20,ST-2455,,ST-438,,1,4,957
20231219,,20,ST-2523,,ST-1812,,1,14,2410
20231219,,20,ST-253,,ST-1194,,1,2,610
20231219,,20,ST-2541,,ST-2544,,1,5,810
20231219,,20,ST-255,,ST-377,,1,3,462
20231219,,20,ST-2555,,ST-2555,,1,0,0
20231219,,20,ST-2560,,ST-1671,,1,9,1412
20231219,,20,ST-2632,,ST-2953,,1,2,0
20231219,,20,ST-2718,,ST-2292,,1,20,4820
20231219,,20,ST-273,,ST-398,,1,13,2465
20231219,,20,ST-2752,,ST-2884,,1,9,1565
20231219,,20,ST-276,,ST-262,,1,8,1298
20231219,,20,ST-278,,ST-1320,,1,16,2340
20231219,,20,ST-2851,,ST-3199,,1,65,750
20231219,,20,ST-2879,,ST-2007,,1,2,930
20231219,,20,ST-2924,,ST-2177,,1,15,239
20231219,,20,ST-2936,,ST-1794,,1,6,1387
20231219,,20,ST-2938,,ST-895,,1,8,1436
20231219,,20,ST-295,,ST-293,,1,3,492
20231219,,20,ST-3122,,ST-2793,,1,8,1230
20231219,,20,ST-3186,,ST-1192,,1,7,1575
20231219,,20,ST-319,,ST-1016,,1,5,780
20231219,,20,ST-320,,ST-320,,1,28,3513
20231219,,20,ST-3212,,ST-417,,1,34,1187
20231219,,20,ST-3274,,ST-3218,,1,10,2202
20231219,,20,ST-446,,ST-987,,1,14,2285
20231219,,20,ST-526,,ST-2481,,1,2,580
20231219,,20,ST-544,,ST-1687,,1,8,1129
20231219,,20,ST-578,,ST-2265,,1,11,1808
20231219,,20,ST-585,,ST-603,,1,9,1380
20231219,,20,ST-603,,ST-3167,,1,10,1930
20231219,,20,ST-621,,ST-621,,1,0,0
20231219,,20,ST-621,,ST-632,,1,20,3317
20231219,,20,ST-664,,ST-1218,,1,5,910
20231219,,20,ST-668,,ST-2959,,1,11,1587
20231219,,20,ST-68,,ST-1697,,1,39,4538
20231219,,20,ST-707,,ST-2873,,1,7,2050
20231219,,20,ST-712,,ST-2362,,1,4,350
20231219,,20,ST-788,,ST-1577,,1,39,2133
20231219,,20,ST-847,,ST-1099,,1,14,2530
20231219,,20,ST-856,,ST-853,,1,7,1517
20231219,,20,ST-933,,ST-1864,,1,6,1630
20231219,,20,ST-936,,ST-636,,1,12,1616
20231219,,20,ST-948,,ST-2237,,1,23,4228
20231219,,20,ST-959,,ST-959,,1,9,194
20231219,,20,ST-1017,,ST-997,,1,6,830
20231219,,20,ST-1098,,ST-2293,,1,15,2077
20231219,,20,ST-1109,,ST-654,,1,7,1260
20231219,,20,ST-112,,ST-2330,,1,8,1462
20231219,,20,ST-112,,ST-3002,,1,10,1160
20231219,,20,ST-1137,,ST-2097,,1,4,850
20231219,,20,ST-1185,,ST-2838,,1,21,3470
20231219,,20,ST-119,,ST-1771,,1,8,1419
20231219,,20,ST-1251,,ST-2491,,1,6,930
20231219,,20,ST-1263,,ST-445,,1,7,1200
20231219,,20,ST-134,,ST-145,,1,3,385
20231219,,20,ST-1342,,ST-326,,1,6,646
20231219,,20,ST-1375,,ST-2860,,1,5,730
20231219,,20,ST-1519,,ST-2613,,1,4,630
20231219,,20,ST-1523,,ST-2014,,1,5,942
20231219,,20,ST-1523,,ST-2762,,1,13,1790
20231219,,20,ST-157,,ST-1202,,1,11,2524
20231219,,20,ST-161,,ST-143,,1,8,1300
20231219,,20,ST-1623,,ST-1421,,1,13,2080
20231219,,20,ST-1689,,ST-2965,,1,5,814
20231219,,20,ST-1714,,ST-2029,,1,16,2605
20231219,,20,ST-1720,,ST-894,,1,10,1920
20231219,,20,ST-1730,,ST-2797,,1,18,1110
20231219,,20,ST-1841,,ST-1061,,1,11,1915
20231219,,20,ST-1859,,ST-1866,,1,6,1106
20231219,,20,ST-1905,,ST-1305,,1,10,1473
20231219,,20,ST-1968,,ST-422,,2,13,2378
20231219,,20,ST-1975,,ST-2809,,1,5,1100
20231219,,20,ST-1982,,ST-2823,,1,5,963
20231219,,20,ST-20,,ST-4,,1,10,1400
20231219,,20,ST-2027,,ST-1011,,1,2,490
20231219,,20,ST-2027,,ST-535,,1,16,1834
20231219,,20,ST-2040,,ST-2041,,1,4,1550
20231219,,20,ST-2168,,ST-2975,,1,12,1330
20231219,,20,ST-2257,,ST-222,,1,10,2100
20231219,,20,ST-2264,,ST-479,,1,2,0
20231219,,20,ST-2270,,ST-1334,,1,6,980
20231219,,20,ST-2320,,ST-2310,,1,7,1010
20231219,,20,ST-240,,ST-246,,1,1,380
20231219,,20,ST-2408,,ST-2321,,1,4,1360
20231219,,20,ST-2409,,ST-1078,,1,12,1916
20231219,,20,ST-2422,,ST-1605,,1,8,1417
20231219,,20,ST-2427,,ST-171,,1,13,1700
20231219,,20,ST-253,,ST-1194,,1,2,610
20231219,,20,ST-2547,,ST-2891,,1,6,658
20231219,,20,ST-255,,ST-377,,1,3,462
20231219,,20,ST-2555,,ST-2555,,1,0,0
20231219,,20,ST-2560,,ST-2499,,1,10,2360
20231219,,20,ST-271,,ST-2509,,1,21,4420
20231219,,20,ST-2726,,ST-1133,,1,2,199
20231219,,20,ST-2732,,ST-1045,,1,14,1659
20231219,,20,ST-2740,,ST-493,,1,12,1108
20231219,,20,ST-2873,,ST-709,,1,3,600
20231219,,20,ST-2879,,ST-2007,,1,2,930
20231219,,20,ST-2889,,ST-2831,,1,6,518
20231219,,20,ST-2896,,ST-1123,,1,4,660
20231219,,20,ST-2947,,ST-1645,,1,10,1410
20231219,,20,ST-3043,,ST-368,,1,7,920
20231219,,20,ST-3044,,ST-1661,,1,12,1350
20231219,,20,ST-3048,,ST-2771,,1,8,1440
20231219,,20,ST-3060,,ST-2081,,1,12,1137
20231219,,20,ST-3066,,ST-1923,,1,5,742
20231219,,20,ST-3087,,ST-1421,,1,12,2258
20231219,,20,ST-3094,,ST-1511,,1,2,530
20231219,,20,ST-3094,,ST-2020,,1,0,142
20231219,,20,ST-3104,,ST-309,,1,6,680
20231219,,20,ST-3113,,ST-2168,,1,15,2669
20231219,,20,ST-3145,,ST-522,,1,4,679
20231219,,20,ST-315,,ST-3089,,1,4,1030
20231219,,20,ST-3179,,ST-823,,1,5,823
20231219,,20,ST-3188,,ST-259,,1,15,1755
20231219,,20,ST-3258,,ST-1632,,1,3,510
20231219,,20,ST-3278,,ST-1642,,1,10,1610
20231219,,20,ST-36,,ST-24,,1,7,1402
20231219,,20,ST-387,,ST-3012,,1,4,1060
20231219,,20,ST-395,,ST-262,,1,5,809
20231219,,20,ST-398,,ST-2420,,1,9,1441
20231219,,20,ST-400,,ST-1631,,1,5,1040
20231219,,20,ST-447,,ST-270,,1,7,1172
20231219,,20,ST-483,,ST-2546,,1,7,1102
20231219,,20,ST-495,,ST-2740,,1,9,987
20231219,,20,ST-499,,ST-1053,,1,9,842
20231219,,20,ST-501,,ST-2738,,1,6,1030
20231219,,20,ST-517,,ST-2018,,1,5,1050
20231219,,20,ST-558,,ST-2635,,1,8,1000
20231219,,20,ST-562,,ST-1386,,1,4,1113
20231219,,20,ST-62,,ST-68,,1,7,1280
20231219,,20,ST-621,,ST-621,,1,0,0
20231219,,20,ST-673,,ST-1275,,1,5,766
20231219,,20,ST-700,,ST-3102,,1,11,2431
20231219,,20,ST-744,,ST-1552,,1,4,691
20231219,,20,ST-842,,ST-2427,,1,8,1070
20231219,,20,ST-853,,ST-596,,1,5,693
20231219,,20,ST-883,,ST-2614,,1,9,1600
20231219,,20,ST-886,,ST-3143,,1,3,723
20231219,,20,ST-895,,ST-1089,,1,5,1180
20231219,,20,ST-938,,ST-1828,,1,7,1060
20231219,,20,ST-957,,ST-1897,,1,10,1904
20231219,,20,ST-971,,ST-3060,,1,8,930
20231219,,20,ST-975,,ST-2411,,1,3,590
20231219,,25,ST-1010,,ST-1514,,1,13,1937
20231219,,25,ST-1036,,ST-3127,,1,7,1301
20231219,,25,ST-1093,,ST-1093,,1,5,556
20231219,,25,ST-1105,,ST-2898,,1,6,970
20231219,,25,ST-1118,,ST-3060,,1,11,1799
20231219,,25,ST-1160,,ST-927,,1,10,933
20231219,,25,ST-1202,,ST-1202,,1,29,1514
20231219,,25,ST-1226,,ST-1226,,1,0,0
20231219,,25,ST-1334,,ST-2282,,1,2,290
20231219,,25,ST-1364,,ST-1081,,1,26,4570
20231219,,25,ST-1374,,ST-3080,,1,30,3710
20231219,,25,ST-1632,,ST-401,,1,16,3400
20231219,,25,ST-1641,,ST-3119,,1,13,2020
20231219,,25,ST-1654,,ST-1654,,1,20,1031
20231219,,25,ST-1674,,ST-2264,,1,7,1150
20231219,,25,ST-1676,,ST-2832,,1,4,634
20231219,,25,ST-175,,ST-1605,,1,6,1106
20231219,,25,ST-1779,,ST-2625,,1,2,0
20231219,,25,ST-180,,ST-3028,,1,36,6740
20231219,,25,ST-1810,,ST-171,,1,8,870
20231219,,25,ST-1829,,ST-1829,,1,50,4220
20231219,,25,ST-1848,,ST-497,,1,2,253
20231219,,25,ST-1882,,ST-1178,,1,11,1371
20231219,,25,ST-1885,,ST-3111,,1,2,0
20231219,,25,ST-1961,,ST-3055,,1,7,1097
20231219,,25,ST-1973,,ST-277,,1,25,2675
20231219,,25,ST-2008,,ST-993,,1,18,2971
20231219,,25,ST-2027,,ST-524,,1,4,284
20231219,,25,ST-2031,,ST-1352,,1,7,1585
20231219,,25,ST-2031,,ST-2031,,1,6,370
20231219,,25,ST-2212,,ST-2561,,1,13,2611
20231219,,25,ST-2292,,ST-971,,1,7,1660
20231219,,25,ST-235,,ST-175,,1,8,2450
20231219,,25,ST-2482,,ST-2031,,1,7,1150
20231219,,25,ST-2561,,ST-17,,1,13,1460
20231219,,25,ST-2596,,ST-2609,,1,3,713
20231219,,25,ST-2634,,ST-1098,,1,9,1390
20231219,,25,ST-2635,,ST-2293,,1,4,1000
20231219,,25,ST-2658,,ST-927,,1,8,1210
20231219,,25,ST-2696,,ST-2568,,1,12,2030
20231219,,25,ST-2785,,ST-1486,,1,6,1195
20231219,,25,ST-2812,,ST-2760,,1,9,1534
20231219,,25,ST-2822,,ST-3204,,1,7,1070
20231219,,25,ST-2842,,ST-702,,1,17,1911
20231219,,25,ST-2878,,ST-838,,1,11,1370
20231219,,25,ST-2944,,ST-834,,1,7,1140
20231219,,25,ST-2996,,ST-3105,,1,4,720
20231219,,25,ST-3040,,ST-3040,,1,0,0
20231219,,25,ST-3060,,ST-1474,,1,6,1190
20231219,,25,ST-3221,,ST-958,,1,7,1715
20231219,,25,ST-3264,,ST-1217,,1,24,3360
20231219,,25,ST-368,,ST-362,,1,9,1314
20231219,,25,ST-381,,ST-254,,1,1,0
20231219,,25,ST-395,,ST-2500,,1,1,222
20231219,,25,ST-417,,ST-3182,,1,16,2292
20231219,,25,ST-422,,ST-277,,1,9,1582
20231219,,25,ST-46,,ST-304,,1,19,3615
20231219,,25,ST-46,,ST-46,,1,0,0
20231219,,25,ST-478,,ST-465,,1,10,1407
20231219,,25,ST-494,,ST-1420,,1,4,967
20231219,,25,ST-5,,ST-3062,,1,15,1811
20231219,,25,ST-6,,ST-2167,,1,5,820
20231219,,25,ST-611,,ST-1283,,1,5,704
20231219,,25,ST-643,,ST-1726,,1,14,1441
20231219,,25,ST-646,,ST-646,,1,0,0
20231219,,25,ST-664,,ST-1975,,1,7,954
20231219,,25,ST-664,,ST-664,,1,0,0
20231219,,25,ST-668,,ST-936,,1,2,341
20231219,,25,ST-725,,ST-2370,,1,17,2150
20231219,,25,ST-727,,ST-295,,1,38,5890
20231219,,25,ST-758,,ST-935,,1,3,367
20231219,,25,ST-815,,ST-1896,,1,11,1230
20231219,,25,ST-835,,ST-1352,,1,6,1000
20231219,,25,ST-838,,ST-1872,,1,4,680
20231219,,25,ST-873,,ST-1962,,1,9,1650
20231219,,25,ST-873,,ST-2820,,1,17,2490
20231219,,25,ST-930,,ST-1794,,1,6,890
20231219,,25,ST-987,,ST-387,,1,17,2746
20231219,,25,ST-1002,,ST-2039,,1,3,440
20231219,,25,ST-1065,,ST-2056,,1,8,1170
20231219,,25,ST-1095,,ST-1335,,1,9,1634
20231219,,25,ST-113,,ST-258,,1,5,1365
20231219,,25,ST-1226,,ST-1226,,1,0,0
20231219,,25,ST-1237,,ST-1274,,1,5,850
20231219,,25,ST-1441,,ST-1344,,1,7,720
20231219,,25,ST-1470,,ST-2716,,1,5,780
20231219,,25,ST-1473,,ST-1121,,1,12,1840
20231219,,25,ST-1473,,ST-2063,,1,13,2370
20231219,,25,ST-1514,,ST-2023,,1,25,960
20231219,,25,ST-1560,,ST-1879,,1,7,1424
20231219,,25,ST-1622,,ST-3087,,1,6,850
20231219,,25,ST-1665,,ST-3184,,1,12,1730
20231219,,25,ST-1676,,ST-2832,,1,4,634
20231219,,25,ST-172,,ST-1817,,1,5,795
20231219,,25,ST-1720,,ST-1420,,1,6,1230
20231219,,25,ST-1733,,ST-1733,,1,26,1820
20231219,,25,ST-1757,,ST-705,,1,25,3608
20231219,,25,ST-176,,ST-1780,,1,14,1624
20231219,,25,ST-1766,,ST-494,,1,14,2580
20231219,,25,ST-178,,ST-1609,,1,5,925
20231219,,25,ST-1817,,ST-156,,1,2,284
20231219,,25,ST-1837,,ST-1061,,1,3,590
20231219,,25,ST-19,,ST-29,,1,10,1269
20231219,,25,ST-1905,,ST-1404,,1,9,1550
20231219,,25,ST-1909,,ST-748,,1,5,1010
20231219,,25,ST-1938,,ST-2641,,1,16,2446
20231219,,25,ST-1963,,ST-1219,,1,7,981
20231219,,25,ST-1996,,ST-428,,1,7,941
20231219,,25,ST-2016,,ST-2761,,1,8,1240
20231219,,25,ST-2017,,ST-2395,,1,6,1210
20231219,,25,ST-2031,,ST-2477,,1,5,901
20231219,,25,ST-2039,,ST-1005,,1,21,3393
20231219,,25,ST-2045,,ST-3251,,1,4,773
20231219,,25,ST-2075,,ST-1333,,1,10,1768
20231219,,25,ST-2112,,ST-2730,,1,6,648
20231219,,25,ST-2257,,ST-2777,,1,6,816
20231219,,25,ST-2299,,ST-3023,,1,17,2386
20231219,,25,ST-2425,,ST-2264,,1,3,796
20231219,,25,ST-2425,,ST-460,,1,7,1550
20231219,,25,ST-2455,,ST-438,,1,4,957
20231219,,25,ST-2470,,ST-478,,1,12,1462
20231219,,25,ST-2517,,ST-180,,1,19,2800
20231219,,25,ST-2541,,ST-2544,,1,5,810
20231219,,25,ST-258,,ST-2865,,1,21,4120
20231219,,25,ST-2632,,ST-2953,,1,2,0
20231219,,25,ST-2711,,ST-3211,,1,11,2060
20231219,,25,ST-2752,,ST-2884,,1,9,1565
20231219,,25,ST-276,,ST-262,,1,8,1298
20231219,,25,ST-276,,ST-394,,1,13,2060
20231219,,25,ST-2771,,ST-2008,,1,21,1261
20231219,,25,ST-2812,,ST-1539,,1,9,1073
20231219,,25,ST-2846,,ST-2270,,1,16,2770
20231219,,25,ST-2876,,ST-550,,1,8,1500
20231219,,25,ST-2905,,ST-2167,,1,12,2200
20231219,,25,ST-2938,,ST-895,,1,8,1436
20231219,,25,ST-295,,ST-293,,1,3,492
20231219,,25,ST-2993,,ST-1510,,1,13,2654
